first_name,last_name,age,email,phone,company
Beau,Stephens,54,conubia@Aliquam.net,708-246-0377,Tellus Lorem Eu Corp.
Mira,Rocha,39,Mauris.nulla@neceuismodin.co.uk,115-974-7562,Elementum At Foundation
Quin,Winters,30,erat@aliquet.com,464-784-7838,Duis Sit PC
Clementine,Sears,50,tellus.Nunc@euismod.com,236-462-4946,Nam Nulla Company
Ferdinand,Vasquez,36,interdum@parturientmontesnascetur.com,776-774-5554,Velit Dui Semper PC
April,Perez,55,pellentesque.a@Nullamnisl.co.uk,793-881-2012,Porttitor Tellus Non Inc.
Kieran,Collier,35,Sed.auctor.odio@vitae.org,247-129-2522,Nunc Sollicitudin Consulting
Ulric,Flores,48,metus.Aliquam.erat@pedePraesenteu.co.uk,475-680-2621,Rhoncus LLP
Dominique,Larsen,45,dapibus@maurisutmi.edu,739-379-1658,Luctus LLP
Cyrus,Robinson,55,Etiam.bibendum@sociis.edu,579-273-8973,Dui Limited
